Workbook

Sheet Coefficients
A1: Gunnerus PMAZM thruster: open-water polynomials at 0 deg azimuth
A3: Curve | B3: c6 (J^6) | C3: c5 (J^5) | D3: c4 (J^4) | E3: c3 (J^3) | F3: c2 (J^2) | G3: c1 (J) | H3: c0
A4: KT_total (propeller + duct) | B4: 0 | C4: 0 | D4: -0.102067 | E4: 0.199626 | F4: -0.039847 | G4: -0.640246 | H4: 0.820189
A5: KT_propeller (propeller only) | B5: 0 | C5: 0 | D5: -0.003342 | E5: 0.00012 | F5: -0.144372 | G5: -0.00378 | H5: 0.398189
A6: 10*KQ | B6: 0 | C6: 0 | D6: -0.013326 | E6: -0.069476 | F6: -0.13866 | G6: -0.014487 | H6: 0.872696
A8: Parameters
A9: Propeller diameter D [m] | B9: 1.9 | C9: OSP demo-case configuration; matches SINTEF SimVal (1.9 m)
A10: Water density rho [kg/m3] | B10: 1025 | C10: Standard sea water
A11: Valid J range (model) | B11: -1 to 2 | C11: Limits JA_min/JA_max in the PMAzimuth class
A13: Polynomial: K(J) = c6*J^6 + c5*J^5 + ... + c1*J + c0. KQ = (10*KQ)/10. Q = KQ*rho*n^2*D^5, T = KT*rho*n^2*D^4, n in rev/s.
A14: Source: PMAzimuth.fmu in github.com/open-simulation-platform/demo-cases (Gunnerus cases, MIT licence, DNV GL / Kongsberg Maritime / SINTEF Ocean / NTNU). Coefficients read from class propulsionmodels.PMAzimuth (Rolls-Royce Marine PMAZM model, labelled P/D 1.4) by bytecode disassembly; the model was not executed.
A15: Reference model data, not manufacturer test data. Only the 0 deg azimuth curves are included.

Sheet Curves
A1: J | B1: KT_total | C1: KT_propeller | D1: 10KQ | E1: KQ | F1: eta0 = J*KT/(2*pi*KQ)
A2: 0 | B2: =((((((Coefficients!$B$4)*$A2+Coefficients!$C$4)*$A2+Coefficients!$D$4)*$A2+Coefficients!$E$4)*$A2+Coefficients!$F$4)*$A2+Coefficients!$G$4)*$A2+Coefficients!$H$4 -> 0.820189 | C2: =((((((Coefficients!$B$5)*$A2+Coefficients!$C$5)*$A2+Coefficients!$D$5)*$A2+Coefficients!$E$5)*$A2+Coefficients!$F$5)*$A2+Coefficients!$G$5)*$A2+Coefficients!$H$5 -> 0.398189 | D2: =((((((Coefficients!$B$6)*$A2+Coefficients!$C$6)*$A2+Coefficients!$D$6)*$A2+Coefficients!$E$6)*$A2+Coefficients!$F$6)*$A2+Coefficients!$G$6)*$A2+Coefficients!$H$6 -> 0.872696 | E2: =D2/10 -> 0.0872696 | F2: =IF(E2>0,A2*B2/(2*PI()*E2),"") -> 0
A3: 0.05 | B3: =((((((Coefficients!$B$4)*$A3+Coefficients!$C$4)*$A3+Coefficients!$D$4)*$A3+Coefficients!$E$4)*$A3+Coefficients!$F$4)*$A3+Coefficients!$G$4)*$A3+Coefficients!$H$4 -> 0.7881014 | C3: =((((((Coefficients!$B$5)*$A3+Coefficients!$C$5)*$A3+Coefficients!$D$5)*$A3+Coefficients!$E$5)*$A3+Coefficients!$F$5)*$A3+Coefficients!$G$5)*$A3+Coefficients!$H$5 -> 0.39763906 | D3: =((((((Coefficients!$B$6)*$A3+Coefficients!$C$6)*$A3+Coefficients!$D$6)*$A3+Coefficients!$E$6)*$A3+Coefficients!$F$6)*$A3+Coefficients!$G$6)*$A3+Coefficients!$H$6 -> 0.87161623 | E3: =D3/10 -> 0.087161623 | F3: =IF(E3>0,A3*B3/(2*PI()*E3),"") -> 0.071952672
A4: 0.1 | B4: =((((((Coefficients!$B$4)*$A4+Coefficients!$C$4)*$A4+Coefficients!$D$4)*$A4+Coefficients!$E$4)*$A4+Coefficients!$F$4)*$A4+Coefficients!$G$4)*$A4+Coefficients!$H$4 -> 0.75595535 | C4: =((((((Coefficients!$B$5)*$A4+Coefficients!$C$5)*$A4+Coefficients!$D$5)*$A4+Coefficients!$E$5)*$A4+Coefficients!$F$5)*$A4+Coefficients!$G$5)*$A4+Coefficients!$H$5 -> 0.39636707 | D4: =((((((Coefficients!$B$6)*$A4+Coefficients!$C$6)*$A4+Coefficients!$D$6)*$A4+Coefficients!$E$6)*$A4+Coefficients!$F$6)*$A4+Coefficients!$G$6)*$A4+Coefficients!$H$6 -> 0.86978989 | E4: =D4/10 -> 0.086978989 | F4: =IF(E4>0,A4*B4/(2*PI()*E4),"") -> 0.1383254
A5: 0.15 | B5: =((((((Coefficients!$B$4)*$A5+Coefficients!$C$4)*$A5+Coefficients!$D$4)*$A5+Coefficients!$E$4)*$A5+Coefficients!$F$4)*$A5+Coefficients!$G$4)*$A5+Coefficients!$H$4 -> 0.72387761 | C5: =((((((Coefficients!$B$5)*$A5+Coefficients!$C$5)*$A5+Coefficients!$D$5)*$A5+Coefficients!$E$5)*$A5+Coefficients!$F$5)*$A5+Coefficients!$G$5)*$A5+Coefficients!$H$5 -> 0.39437234 | D5: =((((((Coefficients!$B$6)*$A5+Coefficients!$C$6)*$A5+Coefficients!$D$6)*$A5+Coefficients!$E$6)*$A5+Coefficients!$F$6)*$A5+Coefficients!$G$6)*$A5+Coefficients!$H$6 -> 0.86716187 | E5: =D5/10 -> 0.086716187 | F5: =IF(E5>0,A5*B5/(2*PI()*E5),"") -> 0.1992858
A6: 0.2 | B6: =((((((Coefficients!$B$4)*$A6+Coefficients!$C$4)*$A6+Coefficients!$D$4)*$A6+Coefficients!$E$4)*$A6+Coefficients!$F$4)*$A6+Coefficients!$G$4)*$A6+Coefficients!$H$4 -> 0.69197962 | C6: =((((((Coefficients!$B$5)*$A6+Coefficients!$C$5)*$A6+Coefficients!$D$5)*$A6+Coefficients!$E$5)*$A6+Coefficients!$F$5)*$A6+Coefficients!$G$5)*$A6+Coefficients!$H$5 -> 0.39165373 | D6: =((((((Coefficients!$B$6)*$A6+Coefficients!$C$6)*$A6+Coefficients!$D$6)*$A6+Coefficients!$E$6)*$A6+Coefficients!$F$6)*$A6+Coefficients!$G$6)*$A6+Coefficients!$H$6 -> 0.86367507 | E6: =D6/10 -> 0.086367507 | F6: =IF(E6>0,A6*B6/(2*PI()*E6),"") -> 0.25503104
A7: 0.25 | B7: =((((((Coefficients!$B$4)*$A7+Coefficients!$C$4)*$A7+Coefficients!$D$4)*$A7+Coefficients!$E$4)*$A7+Coefficients!$F$4)*$A7+Coefficients!$G$4)*$A7+Coefficients!$H$4 -> 0.66035752 | C7: =((((((Coefficients!$B$5)*$A7+Coefficients!$C$5)*$A7+Coefficients!$D$5)*$A7+Coefficients!$E$5)*$A7+Coefficients!$F$5)*$A7+Coefficients!$G$5)*$A7+Coefficients!$H$5 -> 0.38820957 | D7: =((((((Coefficients!$B$6)*$A7+Coefficients!$C$6)*$A7+Coefficients!$D$6)*$A7+Coefficients!$E$6)*$A7+Coefficients!$F$6)*$A7+Coefficients!$G$6)*$A7+Coefficients!$H$6 -> 0.85927038 | E7: =D7/10 -> 0.085927038 | F7: =IF(E7>0,A7*B7/(2*PI()*E7),"") -> 0.30578025
A8: 0.3 | B8: =((((((Coefficients!$B$4)*$A8+Coefficients!$C$4)*$A8+Coefficients!$D$4)*$A8+Coefficients!$E$4)*$A8+Coefficients!$F$4)*$A8+Coefficients!$G$4)*$A8+Coefficients!$H$4 -> 0.62909213 | C8: =((((((Coefficients!$B$5)*$A8+Coefficients!$C$5)*$A8+Coefficients!$D$5)*$A8+Coefficients!$E$5)*$A8+Coefficients!$F$5)*$A8+Coefficients!$G$5)*$A8+Coefficients!$H$5 -> 0.38403769 | D8: =((((((Coefficients!$B$6)*$A8+Coefficients!$C$6)*$A8+Coefficients!$D$6)*$A8+Coefficients!$E$6)*$A8+Coefficients!$F$6)*$A8+Coefficients!$G$6)*$A8+Coefficients!$H$6 -> 0.85388671 | E8: =D8/10 -> 0.085388671 | F8: =IF(E8>0,A8*B8/(2*PI()*E8),"") -> 0.35176724
A9: 0.35 | B9: =((((((Coefficients!$B$4)*$A9+Coefficients!$C$4)*$A9+Coefficients!$D$4)*$A9+Coefficients!$E$4)*$A9+Coefficients!$F$4)*$A9+Coefficients!$G$4)*$A9+Coefficients!$H$4 -> 0.59824896 | C9: =((((((Coefficients!$B$5)*$A9+Coefficients!$C$5)*$A9+Coefficients!$D$5)*$A9+Coefficients!$E$5)*$A9+Coefficients!$F$5)*$A9+Coefficients!$G$5)*$A9+Coefficients!$H$5 -> 0.37913542 | D9: =((((((Coefficients!$B$6)*$A9+Coefficients!$C$6)*$A9+Coefficients!$D$6)*$A9+Coefficients!$E$6)*$A9+Coefficients!$F$6)*$A9+Coefficients!$G$6)*$A9+Coefficients!$H$6 -> 0.84746094 | E9: =D9/10 -> 0.084746094 | F9: =IF(E9>0,A9*B9/(2*PI()*E9),"") -> 0.39323344
A10: 0.4 | B10: =((((((Coefficients!$B$4)*$A10+Coefficients!$C$4)*$A10+Coefficients!$D$4)*$A10+Coefficients!$E$4)*$A10+Coefficients!$F$4)*$A10+Coefficients!$G$4)*$A10+Coefficients!$H$4 -> 0.56787823 | C10: =((((((Coefficients!$B$5)*$A10+Coefficients!$C$5)*$A10+Coefficients!$D$5)*$A10+Coefficients!$E$5)*$A10+Coefficients!$F$5)*$A10+Coefficients!$G$5)*$A10+Coefficients!$H$5 -> 0.3734996 | D10: =((((((Coefficients!$B$6)*$A10+Coefficients!$C$6)*$A10+Coefficients!$D$6)*$A10+Coefficients!$E$6)*$A10+Coefficients!$F$6)*$A10+Coefficients!$G$6)*$A10+Coefficients!$H$6 -> 0.83992799 | E10: =D10/10 -> 0.083992799 | F10: =IF(E10>0,A10*B10/(2*PI()*E10),"") -> 0.43042084
A11: 0.45 | B11: =((((((Coefficients!$B$4)*$A11+Coefficients!$C$4)*$A11+Coefficients!$D$4)*$A11+Coefficients!$E$4)*$A11+Coefficients!$F$4)*$A11+Coefficients!$G$4)*$A11+Coefficients!$H$4 -> 0.53801482 | C11: =((((((Coefficients!$B$5)*$A11+Coefficients!$C$5)*$A11+Coefficients!$D$5)*$A11+Coefficients!$E$5)*$A11+Coefficients!$F$5)*$A11+Coefficients!$G$5)*$A11+Coefficients!$H$5 -> 0.36712656 | D11: =((((((Coefficients!$B$6)*$A11+Coefficients!$C$6)*$A11+Coefficients!$D$6)*$A11+Coefficients!$E$6)*$A11+Coefficients!$F$6)*$A11+Coefficients!$G$6)*$A11+Coefficients!$H$6 -> 0.83122075 | E11: =D11/10 -> 0.083122075 | F11: =IF(E11>0,A11*B11/(2*PI()*E11),"") -> 0.46356486
A12: 0.5 | B12: =((((((Coefficients!$B$4)*$A12+Coefficients!$C$4)*$A12+Coefficients!$D$4)*$A12+Coefficients!$E$4)*$A12+Coefficients!$F$4)*$A12+Coefficients!$G$4)*$A12+Coefficients!$H$4 -> 0.50867831 | C12: =((((((Coefficients!$B$5)*$A12+Coefficients!$C$5)*$A12+Coefficients!$D$5)*$A12+Coefficients!$E$5)*$A12+Coefficients!$F$5)*$A12+Coefficients!$G$5)*$A12+Coefficients!$H$5 -> 0.36001213 | D12: =((((((Coefficients!$B$6)*$A12+Coefficients!$C$6)*$A12+Coefficients!$D$6)*$A12+Coefficients!$E$6)*$A12+Coefficients!$F$6)*$A12+Coefficients!$G$6)*$A12+Coefficients!$H$6 -> 0.82127012 | E12: =D12/10 -> 0.082127012 | F12: =IF(E12>0,A12*B12/(2*PI()*E12),"") -> 0.49288697
A13: 0.55 | B13: =((((((Coefficients!$B$4)*$A13+Coefficients!$C$4)*$A13+Coefficients!$D$4)*$A13+Coefficients!$E$4)*$A13+Coefficients!$F$4)*$A13+Coefficients!$G$4)*$A13+Coefficients!$H$4 -> 0.47987299 | C13: =((((((Coefficients!$B$5)*$A13+Coefficients!$C$5)*$A13+Coefficients!$D$5)*$A13+Coefficients!$E$5)*$A13+Coefficients!$F$5)*$A13+Coefficients!$G$5)*$A13+Coefficients!$H$5 -> 0.35215162 | D13: =((((((Coefficients!$B$6)*$A13+Coefficients!$C$6)*$A13+Coefficients!$D$6)*$A13+Coefficients!$E$6)*$A13+Coefficients!$F$6)*$A13+Coefficients!$G$6)*$A13+Coefficients!$H$6 -> 0.81000502 | E13: =D13/10 -> 0.081000502 | F13: =IF(E13>0,A13*B13/(2*PI()*E13),"") -> 0.51858675
... A26: 1.2 | B26: =((((((Coefficients!$B$4)*$A26+Coefficients!$C$4)*$A26+Coefficients!$D$4)*$A26+Coefficients!$E$4)*$A26+Coefficients!$F$4)*$A26+Coefficients!$G$4)*$A26+Coefficients!$H$4 -> 0.12782172 | C26: =((((((Coefficients!$B$5)*$A26+Coefficients!$C$5)*$A26+Coefficients!$D$5)*$A26+Coefficients!$E$5)*$A26+Coefficients!$F$5)*$A26+Coefficients!$G$5)*$A26+Coefficients!$H$5 -> 0.17903471 | D26: =((((((Coefficients!$B$6)*$A26+Coefficients!$C$6)*$A26+Coefficients!$D$6)*$A26+Coefficients!$E$6)*$A26+Coefficients!$F$6)*$A26+Coefficients!$G$6)*$A26+Coefficients!$H$6 -> 0.50795388 | E26: =D26/10 -> 0.050795388 | F26: =IF(E26>0,A26*B26/(2*PI()*E26),"") -> 0.48059776

Sheet Trial check
A1: Check: model shaft power from measured rpm and speed vs measured electrical power (25 Oct 2023, steady lever steps)
A3: Wake fraction w | B3: 0.15 | C3: Assumed; try 0.1 to 0.2
A4: Max propeller rpm | B4: 205 | C4: Trial sheet LoadProfile.xlsx
A5: Hotel load [kW] | B5: 69 | C5: Mean genset power at zero thrust, 07:25 to 07:46
A6: Knots to m/s | B6: 0.5144
A8: Yellow cells are inputs. Expected ratio about 0.85 to 1.0 (drive and motor losses). Speed is over ground (current about 0.5 kn not corrected).
A10: Lever [%] | B10: Mode | C10: RPM feedback [%] | D10: SOG [kn] | E10: P gensets total [kW] (measured) | F10: Prop rpm | G10: n [rev/s] | H10: Va [m/s] | I10: J | J10: 10KQ | K10: Q per thruster [kNm] | L10: P shaft model per thruster [kW] | M10: P el measured per thruster [kW] | N10: Ratio model / measured
A11: 30.6 | B11: manoeuvre | C11: 27.21 | D11: 2.76 | E11: 112.2 | F11: =C11/100*$B$4 -> 55.7805 | G11: =F11/60 -> 0.929675 | H11: =D11*$B$6*(1-$B$3) -> 1.2067824 | I11: =IF(G11>0,H11/(G11*Coefficients!$B$9),"") -> 0.68319427 | J11: =((((((Coefficients!$B$6)*$I11+Coefficients!$C$6)*$I11+Coefficients!$D$6)*$I11+Coefficients!$E$6)*$I11+Coefficients!$F$6)*$I11+Coefficients!$G$6)*$I11+Coefficients!$H$6 -> 0.77302042 | K11: =0.1*J11*Coefficients!$B$10*G11^2*Coefficients!$B$9^5/1000 -> 1.6956849 | L11: =2*PI()*G11*K11 -> 9.9050384 | M11: =(E11-$B$5)/2 -> 21.6 | N11: =IF(M11>0,L11/M11,"") -> 0.45856659
A12: 70.4 | B12: manoeuvre | C12: 63.02 | D12: 7.8 | E12: 302.6 | F12: =C12/100*$B$4 -> 129.191 | G12: =F12/60 -> 2.1531833 | H12: =D12*$B$6*(1-$B$3) -> 3.410472 | I12: =IF(G12>0,H12/(G12*Coefficients!$B$9),"") -> 0.83364256 | J12: =((((((Coefficients!$B$6)*$I12+Coefficients!$C$6)*$I12+Coefficients!$D$6)*$I12+Coefficients!$E$6)*$I12+Coefficients!$F$6)*$I12+Coefficients!$G$6)*$I12+Coefficients!$H$6 -> 0.71756904 | K12: =0.1*J12*Coefficients!$B$10*G12^2*Coefficients!$B$9^5/1000 -> 8.4434042 | L12: =2*PI()*G12*K12 -> 114.22955 | M12: =(E12-$B$5)/2 -> 116.8 | N12: =IF(M12>0,L12/M12,"") -> 0.9779927
A13: 70.4 | B13: transit | C13: 73.48 | D13: 9.32 | E13: 438.5 | F13: =C13/100*$B$4 -> 150.634 | G13: =F13/60 -> 2.5105667 | H13: =D13*$B$6*(1-$B$3) -> 4.0750768 | I13: =IF(G13>0,H13/(G13*Coefficients!$B$9),"") -> 0.85430006 | J13: =((((((Coefficients!$B$6)*$I13+Coefficients!$C$6)*$I13+Coefficients!$D$6)*$I13+Coefficients!$E$6)*$I13+Coefficients!$F$6)*$I13+Coefficients!$G$6)*$I13+Coefficients!$H$6 -> 0.70870586 | K13: =0.1*J13*Coefficients!$B$10*G13^2*Coefficients!$B$9^5/1000 -> 11.337085 | L13: =2*PI()*G13*K13 -> 178.83521 | M13: =(E13-$B$5)/2 -> 184.75 | N13: =IF(M13>0,L13/M13,"") -> 0.96798491
A14: 80.3 | B14: transit | C14: 83.94 | D14: 10.35 | E14: 683.7 | F14: =C14/100*$B$4 -> 172.077 | G14: =F14/60 -> 2.86795 | H14: =D14*$B$6*(1-$B$3) -> 4.525434 | I14: =IF(G14>0,H14/(G14*Coefficients!$B$9),"") -> 0.83049125 | J14: =((((((Coefficients!$B$6)*$I14+Coefficients!$C$6)*$I14+Coefficients!$D$6)*$I14+Coefficients!$E$6)*$I14+Coefficients!$F$6)*$I14+Coefficients!$G$6)*$I14+Coefficients!$H$6 -> 0.71889336 | K14: =0.1*J14*Coefficients!$B$10*G14^2*Coefficients!$B$9^5/1000 -> 15.007194 | L14: =2*PI()*G14*K14 -> 270.42755 | M14: =(E14-$B$5)/2 -> 307.35 | N14: =IF(M14>0,L14/M14,"") -> 0.8798684
A15: 90.9 | B15: transit | C15: 95.18 | D15: 11.3 | E15: 979.5 | F15: =C15/100*$B$4 -> 195.119 | G15: =F15/60 -> 3.2519833 | H15: =D15*$B$6*(1-$B$3) -> 4.940812 | I15: =IF(G15>0,H15/(G15*Coefficients!$B$9),"") -> 0.79964351 | J15: =((((((Coefficients!$B$6)*$I15+Coefficients!$C$6)*$I15+Coefficients!$D$6)*$I15+Coefficients!$E$6)*$I15+Coefficients!$F$6)*$I15+Coefficients!$G$6)*$I15+Coefficients!$H$6 -> 0.73147545 | K15: =0.1*J15*Coefficients!$B$10*G15^2*Coefficients!$B$9^5/1000 -> 19.633071 | L15: =2*PI()*G15*K15 -> 401.1589 | M15: =(E15-$B$5)/2 -> 455.25 | N15: =IF(M15>0,L15/M15,"") -> 0.88118373
A16: 100 | B16: transit | C16: 97.74 | D16: 11.47 | E16: 1115.1 | F16: =C16/100*$B$4 -> 200.367 | G16: =F16/60 -> 3.33945 | H16: =D16*$B$6*(1-$B$3) -> 5.0151428 | I16: =IF(G16>0,H16/(G16*Coefficients!$B$9),"") -> 0.79041424 | J16: =((((((Coefficients!$B$6)*$I16+Coefficients!$C$6)*$I16+Coefficients!$D$6)*$I16+Coefficients!$E$6)*$I16+Coefficients!$F$6)*$I16+Coefficients!$G$6)*$I16+Coefficients!$H$6 -> 0.73510711 | K16: =0.1*J16*Coefficients!$B$10*G16^2*Coefficients!$B$9^5/1000 -> 20.806182 | L16: =2*PI()*G16*K16 -> 436.56328 | M16: =(E16-$B$5)/2 -> 523.05 | N16: =IF(M16>0,L16/M16,"") -> 0.83464922
A17: Source: DIPAI/MQTT log 25 Oct 2023, steady part (last 30 s) of each lever step lasting at least 60 s.
